﻿Designator,Footprint,Quantity,Value,LCSC Part #
"C1, C12, C2, C23, C24, C25, C29, C3, C30, C8",0402,10,100n,C307331
"C10, C11, C28, C6",0805,4,10u,C3039694
"C13, C14, C16, C17, C18, C19, C20, C21",0402,8,1u,C5199872
C15,0402,1,4.7u,C69335
C22,0402,1,470n,C1623
"C26, C27, C4, C5, C7, C9",0805,6,22u,C45783
"D23, D24, D25, D26, D27",D_SOD-323,5,NSR0320MW2T1G,C48192
F1,0805,1,1A,C269107
J1,Qwiic 1X04_1MM_RA_GND,1,QWIIC,C160404
J10,Hirose_FH12-24S-0.5SH_1x24-1MP_P0.50mm_Horizontal,1,E-Paper,C202112
J2,SD_Card-micro_socket_A,1,Micro_SD_Card,C7529389
J6,USB_C_Receptacle_HRO_TYPE-C-31-M-12,1,USB-C,C165948
J9,JST_S2B-ZR-SM4A-TF(LF)(SN),1,Battery,C265329
L1,IND-SMD_L6.0-W6.0,1,CMLW6028S1R5MST,C431354
L2,1210,1,47u,C83083
"Q2, Q3",SOT-23,2,AP2302B,C406812
"Q4, Q5",SOT-23,2,AO3400 (A09T),C2938367
R1,0402,1,75k,C25798
"R10, R13, R27, R28, R33",0402,5,4.7k,C25940
R11,0402,1,1M,C26083
R12,0402,1,180k,C2909325
"R14, R17, R18, R19, R2, R20, R21, R22, R26, R37, R38, R39, R40, R6, R7",0402,15,10k,C25744
"R15, R16",0402,2,5.1k,C25905
"R23, R24, R30, R31, R32, R35, R4",0402,7,100k,C25741
R25,0402,1,2k,C4109
R29,0402,1,1k,C11702
R34,0402,1,2.2,C25101
"R5, R8",0402,2,45.3k,C26980
SW6,SW_SPDT_PCM12_MP,1,SW_SPDT,C319020
U1,SOT-353_SC-70-5,1,"74LVC1G17GW,125",C426705
"U10, U6, U9",SOT-23-5,3,SY6280AAC,C55136
"U11, U12, U13, U14, U15, U8",SK6805-EC20,6,SK6805,C2890036
U2,UQFN-20_3x3mm_P0.4mm,1,MPR121QR2,C91322
U3,ESP32-WROVER-E,1,ESP32-WROVER-E,C529589
U4,VSON-14_L4.0-W3.0-P0.50-BL-EP_TI_DSJ,1,TPS63020DSJR,C15483
U5,SOT-23-5,1,XT4054K421MR-G,C141405
U7,SSOP-10-1EP_3.9x4.9mm_P1mm_EP2.1x3.3mm,1,CH340K,C18208922
